ANTIOCH.C,19850101,800,0.00,,49,26,33,,,,,,,,,,,,,
ANTIOCH.C,19850102,800,0.00,,52,27,30,,,,,,,,,,,,,
ANTIOCH.C,19850103,800,0.00,,45,27,37,,,,,,,,,,,,,
ANTIOCH.C,19850104,800,0.00,,50,28,30,,,,,,,,,,,,,
ANTIOCH.C,19850105,800,0.00,,43,30,36,,,,,,,,,,,,,
ANTIOCH.C,19850106,800,0.00,,51,36,42,,,,,,,,,,,,,
ANTIOCH.C,19850107,800,0.06,,54,41,48,,,,,,,,,,,,,
ANTIOCH.C,19850108,800,0.11,,56,42,51,,,,,,,,,,,,,
ANTIOCH.C,19850109,800,0.01,,49,41,47,,,,,,,,,,,,,
ANTIOCH.C,19850110,800,0.17,,56,32,47,,,,,,,,,,,,,
ANTIOCH.C,19850111,800,0.00,,42,33,36,,,,,,,,,,,,,
ANTIOCH.C,19850112,800,0.00,,49,27,30,,,,,,,,,,,,,
ANTIOCH.C,19850113,800,0.00,,44,27,37,,,,,,,,,,,,,
ANTIOCH.C,19850114,800,0.00,,40,29,37,,,,,,,,,,,,,
ANTIOCH.C,19850115,800,0.00,,45,36,39,,,,,,,,,,,,,
ANTIOCH.C,19850116,800,0.00,,47,34,38,,,,,,,,,,,,,
ANTIOCH.C,19850117,800,0.00,,43,30,32,,,,,,,,,,,,,
ANTIOCH.C,19850118,800,0.00,,43,32,37,,,,,,,,,,,,,
ANTIOCH.C,19850119,800,0.00,,43,35,36,,,,,,,,,,,,,
ANTIOCH.C,19850120,800,0.00,,39,36,37,,,,,,,,,,,,,
ANTIOCH.C,19850121,800,0.00,,41,36,39,,,,,,,,,,,,,
ANTIOCH.C,19850122,800,0.00,,43,37,,,,,,,,,,,,,,
ANTIOCH.C,19850123,800,0.00,,43,38,,,,,,,,,,,,,,
ANTIOCH.C,19850124,800,0.00,,44,37,41,,,,,,,,,,,,,
ANTIOCH.C,19850125,800,0.00,,46,40,,,,,,,,,,,,,,
ANTIOCH.C,19850126,800,0.00,,51,41,43,,,,,,,,,,,,,
ANTIOCH.C,19850127,800,0.00,,51,29,,,,,,,,,,,,,,
ANTIOCH.C,19850128,800,0.07,,50,33,43,,,,,,,,,,,,,
ANTIOCH.C,19850129,800,0.02,,50,30,,,,,,,,,,,,,,
ANTIOCH.C,19850130,800,0.00,,56,33,44,,,,,,,,,,,,,
ANTIOCH.C,19850131,800,0.00,,59,31,45,,,,,,,,,,,,,
ANTIOCH.C,19850201,800,0.00,,56,28,45,,,,,,,,,,,,,
ANTIOCH.C,19850202,800,0.00,,54,28,42,,,,,,,,,,,,,
ANTIOCH.C,19850203,800,0.00,,55,30,37,,,,,,,,,,,,,
ANTIOCH.C,19850204,800,0.00,,53,34,44,,,,,,,,,,,,,
ANTIOCH.C,19850205,800,0.00,,55,26,40,,,,,,,,,,,,,
ANTIOCH.C,19850206,800,0.00,,53,28,39,,,,,,,,,,,,,
ANTIOCH.C,19850207,800,0.02,,51,38,42,,,,,,,,,,,,,
ANTIOCH.C,19850208,800,0.81,,56,41,48,,,,,,,,,,,,,
ANTIOCH.C,19850209,800,0.01,,56,37,48,,,,,,,,,,,,,
ANTIOCH.C,19850210,800,0.00,,55,33,42,,,,,,,,,,,,,
ANTIOCH.C,19850211,800,0.00,,56,31,42,,,,,,,,,,,,,
ANTIOCH.C,19850212,800,0.00,,69,39,50,,,,,,,,,,,,,
ANTIOCH.C,19850213,800,0.00,,67,39,57,,,,,,,,,,,,,
ANTIOCH.C,19850214,800,0.00,,67,36,50,,,,,,,,,,,,,
ANTIOCH.C,19850215,800,0.00,,71,37,54,,,,,,,,,,,,,
ANTIOCH.C,19850216,800,0.00,,71,41,55,,,,,,,,,,,,,
ANTIOCH.C,19850217,800,0.00,,68,42,52,,,,,,,,,,,,,
ANTIOCH.C,19850218,800,0.00,,70,45,56,,,,,,,,,,,,,
ANTIOCH.C,19850219,800,0.00,,67,37,53,,,,,,,,,,,,,
ANTIOCH.C,19850220,800,0.00,,63,46,53,,,,,,,,,,,,,
ANTIOCH.C,19850221,800,0.00,,74,50,58,,,,,,,,,,,,,
ANTIOCH.C,19850222,800,0.00,,76,45,59,,,,,,,,,,,,,
ANTIOCH.C,19850223,800,0.00,,73,49,59,,,,,,,,,,,,,
ANTIOCH.C,19850224,800,0.00,,73,38,52,,,,,,,,,,,,,
ANTIOCH.C,19850225,800,0.00,,72,44,58,,,,,,,,,,,,,
ANTIOCH.C,19850226,800,0.00,,70,43,59,,,,,,,,,,,,,
ANTIOCH.C,19850227,800,0.00,,76,44,61,,,,,,,,,,,,,
ANTIOCH.C,19850228,2359,0.00,,62,43,62,,,,,,,,,,,,,
ANTIOCH.C,19850301,1700,0.00,,75,36,56,,,,,,,,,,,,,
ANTIOCH.C,19850302,1700,0.04,,61,42,45,,,,,,,,,,,,,
ANTIOCH.C,19850303,1700,0.00,,58,42,48,,,,,,,,,,,,,
ANTIOCH.C,19850304,1700,0.03,,62,43,49,,,,,,,,,,,,,
ANTIOCH.C,19850305,1700,0.00,,58,36,48,,,,,,,,,,,,,
ANTIOCH.C,19850306,1700,0.30,,50,37,48,,,,,,,,,,,,,
ANTIOCH.C,19850307,1700,0.21,,54,38,49,,,,,,,,,,,,,
ANTIOCH.C,19850308,1700,0.01,,58,33,46,,,,,,,,,,,,,
ANTIOCH.C,19850309,1700,0.00,,59,35,45,,,,,,,,,,,,,
ANTIOCH.C,19850310,1700,0.17,,64,45,52,,,,,,,,,,,,,
ANTIOCH.C,19850311,1700,0.35,,57,40,49,,,,,,,,,,,,,
ANTIOCH.C,19850312,1700,0.01,,63,38,54,,,,,,,,,,,,,
ANTIOCH.C,19850313,1700,0.00,,59,37,53,,,,,,,,,,,,,
ANTIOCH.C,19850314,1700,0.00,,65,39,54,,,,,,,,,,,,,
ANTIOCH.C,19850315,1700,0.00,,71,39,58,,,,,,,,,,,,,
ANTIOCH.C,19850316,1700,0.00,,67,41,53,,,,,,,,,,,,,
ANTIOCH.C,19850317,1700,0.00,,64,44,55,,,,,,,,,,,,,
ANTIOCH.C,19850318,1700,0.03,,61,45,48,,,,,,,,,,,,,
ANTIOCH.C,19850319,1700,0.00,,61,40,52,,,,,,,,,,,,,
ANTIOCH.C,19850320,1700,0.00,,66,40,47,,,,,,,,,,,,,
ANTIOCH.C,19850321,1700,0.00,,67,42,53,,,,,,,,,,,,,
ANTIOCH.C,19850322,1700,0.00,,64,37,57,,,,,,,,,,,,,
ANTIOCH.C,19850323,1700,0.00,,67,51,63,,,,,,,,,,,,,
ANTIOCH.C,19850324,1700,0.00,,68,41,56,,,,,,,,,,,,,
ANTIOCH.C,19850325,1700,0.00,,61,39,49,,,,,,,,,,,,,
ANTIOCH.C,19850326,1700,0.00,,59,34,43,,,,,,,,,,,,,
ANTIOCH.C,19850327,1700,0.47,,49,38,,,,,,,,,,,,,,
ANTIOCH.C,19850328,1700,0.18,,52,41,,,,,,,,,,,,,,
ANTIOCH.C,19850329,1700,0.10,,59,43,56,,,,,,,,,,,,,
ANTIOCH.C,19850330,1700,0.00,,64,41,59,,,,,,,,,,,,,
ANTIOCH.C,19850331,1700,0.00,,71,43,63,,,,,,,,,,,,,
ANTIOCH.C,19850401,1700,0.00,,77,46,63,,,,,,,,,,,,,
ANTIOCH.C,19850402,1700,0.00,,79,48,69,,,,,,,,,,,,,
ANTIOCH.C,19850403,1700,0.00,,83,49,70,,,,,,,,,,,,,
ANTIOCH.C,19850404,1700,0.00,,83,57,70,,,,,,,,,,,,,
ANTIOCH.C,19850405,1700,0.00,,83,52,71,,,,,,,,,,,,,
ANTIOCH.C,19850406,1700,0.00,,85,47,59,,,,,,,,,,,,,
ANTIOCH.C,19850407,1700,0.00,,72,44,59,,,,,,,,,,,,,
ANTIOCH.C,19850408,1700,0.00,,75,44,68,,,,,,,,,,,,,
ANTIOCH.C,19850409,1700,0.00,,83,45,66,,,,,,,,,,,,,
ANTIOCH.C,19850410,1700,0.00,,78,47,63,,,,,,,,,,,,,
ANTIOCH.C,19850411,1700,0.00,,73,49,63,,,,,,,,,,,,,
ANTIOCH.C,19850412,1700,0.00,,74,48,72,,,,,,,,,,,,,
ANTIOCH.C,19850413,1700,0.00,,84,47,70,,,,,,,,,,,,,
ANTIOCH.C,19850414,1700,0.00,,88,52,71,,,,,,,,,,,,,
ANTIOCH.C,19850415,1700,0.00,,92,53,66,,,,,,,,,,,,,
ANTIOCH.C,19850416,1700,0.00,,71,46,62,,,,,,,,,,,,,
ANTIOCH.C,19850417,1700,0.22,,70,48,56,,,,,,,,,,,,,
ANTIOCH.C,19850418,1700,0.00,,66,45,61,,,,,,,,,,,,,
ANTIOCH.C,19850419,1700,0.00,,70,46,58,,,,,,,,,,,,,
ANTIOCH.C,19850420,1700,0.00,,67,47,52,,,,,,,,,,,,,
ANTIOCH.C,19850421,1700,0.00,,61,48,55,,,,,,,,,,,,,
ANTIOCH.C,19850422,1700,0.00,,67,45,60,,,,,,,,,,,,,
ANTIOCH.C,19850423,1700,0.00,,73,45,68,,,,,,,,,,,,,
ANTIOCH.C,19850424,1700,0.00,,80,49,65,,,,,,,,,,,,,
ANTIOCH.C,19850425,1700,0.00,,77,51,60,,,,,,,,,,,,,
ANTIOCH.C,19850426,1700,0.00,,71,53,64,,,,,,,,,,,,,
ANTIOCH.C,19850427,1700,0.00,,79,53,71,,,,,,,,,,,,,
ANTIOCH.C,19850428,1700,0.00,,86,45,64,,,,,,,,,,,,,
ANTIOCH.C,19850429,1700,0.00,,79,46,62,,,,,,,,,,,,,
ANTIOCH.C,19850430,1700,0.00,,80,47,70,,,,,,,,,,,,,
ANTIOCH.C,19850501,800,0.00,,84,44,68,,,,,,,,,,,,,
ANTIOCH.C,19850502,800,0.00,,75,59,67,,,,,,,,,,,,,
ANTIOCH.C,19850503,800,0.00,,74,50,62,,,,,,,,,,,,,
ANTIOCH.C,19850504,800,0.00,,80,48,63,,,,,,,,,,,,,
ANTIOCH.C,19850505,800,0.00,,84,43,62,,,,,,,,,,,,,
ANTIOCH.C,19850506,800,0.00,,74,47,60,,,,,,,,,,,,,
ANTIOCH.C,19850507,800,0.00,,75,45,61,,,,,,,,,,,,,
ANTIOCH.C,19850508,800,0.00,,74,41,64,,,,,,,,,,,,,
ANTIOCH.C,19850509,800,0.00,,73,41,62,,,,,,,,,,,,,
ANTIOCH.C,19850510,800,0.00,,69,51,61,,,,,,,,,,,,,
ANTIOCH.C,19850511,800,0.00,,75,45,55,,,,,,,,,,,,,
ANTIOCH.C,19850512,800,0.00,,82,40,61,,,,,,,,,,,,,
ANTIOCH.C,19850513,800,0.00,,82,46,74,,,,,,,,,,,,,
ANTIOCH.C,19850514,2359,0.00,,79,54,70,,,,,,,,,,,,,
ANTIOCH.C,19850515,2359,0.00,,80,55,,,,,,,,,,,,,,
ANTIOCH.C,19850516,2359,0.00,,80,54,64,,,,,,,,,,,,,
ANTIOCH.C,19850517,2359,0.00,,79,54,,,,,,,,,,,,,,
ANTIOCH.C,19850518,2359,0.00,,78,53,60,,,,,,,,,,,,,
ANTIOCH.C,19850519,2359,0.00,,79,53,62,,,,,,,,,,,,,
ANTIOCH.C,19850520,2359,0.00,,78,53,71,,,,,,,,,,,,,
ANTIOCH.C,19850521,2359,0.00,,79,52,69,,,,,,,,,,,,,
ANTIOCH.C,19850522,2359,0.00,,81,54,73,,,,,,,,,,,,,
ANTIOCH.C,19850523,2359,0.00,,82,55,73,,,,,,,,,,,,,
ANTIOCH.C,19850524,2359,0.00,,80,55,67,,,,,,,,,,,,,
ANTIOCH.C,19850525,2359,0.00,,81,55,61,,,,,,,,,,,,,
ANTIOCH.C,19850526,2359,0.00,,81,54,58,,,,,,,,,,,,,
ANTIOCH.C,19850527,2359,0.00,,81,55,63,,,,,,,,,,,,,
ANTIOCH.C,19850528,2359,0.00,,81,54,50,,,,,,,,,,,,,
ANTIOCH.C,19850529,2359,0.00,,80,54,57,,,,,,,,,,,,,
ANTIOCH.C,19850530,2359,0.00,,82,54,67,,,,,,,,,,,,,
ANTIOCH.C,19850531,2359,0.00,,84,55,59,,,,,,,,,,,,,
ANTIOCH.C,19850601,2359,0.22,,84,56,54,,,,,,,,,,,,,
ANTIOCH.C,19850602,2359,0.00,,83,56,,,,,,,,,,,,,,
ANTIOCH.C,19850603,2359,0.00,,82,56,70,,,,,,,,,,,,,
ANTIOCH.C,19850604,2359,0.00,,81,56,74,,,,,,,,,,,,,
ANTIOCH.C,19850605,2359,0.00,,81,56,75,,,,,,,,,,,,,
ANTIOCH.C,19850606,2359,0.00,,82,56,78,,,,,,,,,,,,,
ANTIOCH.C,19850607,2359,0.00,,82,57,75,,,,,,,,,,,,,
ANTIOCH.C,19850608,2359,0.00,,85,56,74,,,,,,,,,,,,,
ANTIOCH.C,19850609,2359,0.00,,86,57,82,,,,,,,,,,,,,
ANTIOCH.C,19850610,2359,0.00,,85,58,83,,,,,,,,,,,,,
ANTIOCH.C,19850611,2359,0.00,,83,56,87,,,,,,,,,,,,,
ANTIOCH.C,19850612,2359,0.00,,85,57,76,,,,,,,,,,,,,
ANTIOCH.C,19850613,2359,0.00,,86,57,77,,,,,,,,,,,,,
ANTIOCH.C,19850614,2359,0.00,,87,59,83,,,,,,,,,,,,,
ANTIOCH.C,19850615,2359,0.00,,86,59,84,,,,,,,,,,,,,
ANTIOCH.C,19850616,2359,0.00,,85,58,82,,,,,,,,,,,,,
ANTIOCH.C,19850617,2359,0.00,,87,57,76,,,,,,,,,,,,,
ANTIOCH.C,19850618,2359,0.00,,88,58,,,,,,,,,,,,,,
ANTIOCH.C,19850619,2359,0.00,,88,59,,,,,,,,,,,,,,
ANTIOCH.C,19850620,2359,0.00,,88,58,,,,,,,,,,,,,,
ANTIOCH.C,19850621,2359,0.00,,90,61,,,,,,,,,,,,,,
ANTIOCH.C,19850622,2359,0.00,,92,58,71,,,,,,,,,,,,,
ANTIOCH.C,19850623,2359,0.00,,90,59,68,,,,,,,,,,,,,
ANTIOCH.C,19850624,2359,0.00,,90,60,72,,,,,,,,,,,,,
ANTIOCH.C,19850625,800,0.00,,94,52,75,,,,,,,,,,,,,
ANTIOCH.C,19850626,800,0.00,,99,55,76,,,,,,,,,,,,,
ANTIOCH.C,19850627,800,0.00,,101,56,80,,,,,,,,,,,,,
ANTIOCH.C,19850628,800,0.00,,96,60,77,,,,,,,,,,,,,
ANTIOCH.C,19850629,2359,0.00,,88,59,73,,,,,,,,,,,,,
ANTIOCH.C,19850630,2359,0.00,,89,58,74,,,,,,,,,,,,,
ANTIOCH.C,19850701,2359,0.00,,91,59,82,,,,,,,,,,,,,
ANTIOCH.C,19850702,2359,0.00,,91,59,86,,,,,,,,,,,,,
ANTIOCH.C,19850703,2359,0.00,,91,59,79,,,,,,,,,,,,,
ANTIOCH.C,19850704,2359,0.00,,91,59,86,,,,,,,,,,,,,
ANTIOCH.C,19850705,2359,0.00,,91,59,85,,,,,,,,,,,,,
ANTIOCH.C,19850706,2359,0.00,,92,59,74,,,,,,,,,,,,,
ANTIOCH.C,19850707,2359,0.00,,93,59,79,,,,,,,,,,,,,
ANTIOCH.C,19850708,2359,0.00,,92,59,87,,,,,,,,,,,,,
ANTIOCH.C,19850709,2359,0.00,,92,59,92,,,,,,,,,,,,,
ANTIOCH.C,19850710,2359,0.00,,93,59,84,,,,,,,,,,,,,
ANTIOCH.C,19850711,2359,0.00,,92,60,73,,,,,,,,,,,,,
ANTIOCH.C,19850712,2359,0.00,,93,61,72,,,,,,,,,,,,,
ANTIOCH.C,19850713,2359,0.00,,95,61,69,,,,,,,,,,,,,
ANTIOCH.C,19850714,2359,0.00,,95,61,73,,,,,,,,,,,,,
ANTIOCH.C,19850715,2359,0.00,,94,60,74,,,,,,,,,,,,,
ANTIOCH.C,19850716,2359,0.00,,92,60,72,,,,,,,,,,,,,
ANTIOCH.C,19850717,2359,0.00,,92,60,69,,,,,,,,,,,,,
ANTIOCH.C,19850718,2359,0.00,,92,61,70,,,,,,,,,,,,,
ANTIOCH.C,19850719,2359,0.00,,91,59,67,,,,,,,,,,,,,
ANTIOCH.C,19850720,2359,0.00,,91,59,66,,,,,,,,,,,,,
ANTIOCH.C,19850721,2359,0.00,,92,59,69,,,,,,,,,,,,,
ANTIOCH.C,19850722,2359,0.00,,91,59,74,,,,,,,,,,,,,
ANTIOCH.C,19850723,2359,0.00,,91,59,74,,,,,,,,,,,,,
ANTIOCH.C,19850724,2359,0.00,,91,60,80,,,,,,,,,,,,,
ANTIOCH.C,19850725,800,0.00,,92,62,75,,,,,,,,,,,,,
ANTIOCH.C,19850726,800,0.00,,92,60,71,,,,,,,,,,,,,
ANTIOCH.C,19850727,800,0.00,,93,60,72,,,,,,,,,,,,,
ANTIOCH.C,19850728,800,0.00,,85,57,68,,,,,,,,,,,,,
ANTIOCH.C,19850729,800,0.00,,74,53,68,,,,,,,,,,,,,
ANTIOCH.C,19850730,800,0.00,,83,54,68,,,,,,,,,,,,,
ANTIOCH.C,19850731,800,0.00,,79,60,70,,,,,,,,,,,,,
ANTIOCH.C,19850801,800,0.00,,85,51,72,,,,,,,,,,,,,
ANTIOCH.C,19850802,800,0.00,,95,64,76,,,,,,,,,,,,,
ANTIOCH.C,19850803,800,0.00,,97,60,76,,,,,,,,,,,,,
ANTIOCH.C,19850804,800,0.00,,95,59,70,,,,,,,,,,,,,
ANTIOCH.C,19850805,800,0.00,,93,55,76,,,,,,,,,,,,,
ANTIOCH.C,19850806,800,0.00,,91,55,71,,,,,,,,,,,,,
ANTIOCH.C,19850807,800,0.00,,95,56,75,,,,,,,,,,,,,
ANTIOCH.C,19850808,800,0.00,,91,55,72,,,,,,,,,,,,,
ANTIOCH.C,19850809,800,0.00,,97,58,81,,,,,,,,,,,,,
ANTIOCH.C,19850810,800,0.00,,88,56,68,,,,,,,,,,,,,
ANTIOCH.C,19850811,800,0.00,,88,56,65,,,,,,,,,,,,,
ANTIOCH.C,19850812,800,0.00,,82,55,71,,,,,,,,,,,,,
ANTIOCH.C,19850813,800,0.00,,83,53,69,,,,,,,,,,,,,
ANTIOCH.C,19850814,800,0.00,,86,54,70,,,,,,,,,,,,,
ANTIOCH.C,19850815,800,0.00,,83,53,67,,,,,,,,,,,,,
ANTIOCH.C,19850816,800,0.00,,83,51,69,,,,,,,,,,,,,
ANTIOCH.C,19850817,800,0.00,,75,57,65,,,,,,,,,,,,,
ANTIOCH.C,19850818,800,0.00,,82,57,66,,,,,,,,,,,,,
ANTIOCH.C,19850819,800,0.00,,84,59,73,,,,,,,,,,,,,
ANTIOCH.C,19850820,800,0.00,,88,53,,,,,,,,,,,,,,
ANTIOCH.C,19850821,800,0.00,,86,50,69,,,,,,,,,,,,,
ANTIOCH.C,19850822,800,0.00,,88,50,66,,,,,,,,,,,,,
ANTIOCH.C,19850823,800,0.00,,94,51,68,,,,,,,,,,,,,
ANTIOCH.C,19850824,800,0.00,,95,64,69,,,,,,,,,,,,,
ANTIOCH.C,19850825,800,0.00,,93,62,69,,,,,,,,,,,,,
ANTIOCH.C,19850826,800,0.00,,91,56,69,,,,,,,,,,,,,
ANTIOCH.C,19850827,800,0.00,,88,61,67,,,,,,,,,,,,,
ANTIOCH.C,19850828,800,0.00,,88,52,67,,,,,,,,,,,,,
ANTIOCH.C,19850829,800,0.00,,88,53,71,,,,,,,,,,,,,
ANTIOCH.C,19850830,800,0.00,,90,62,75,,,,,,,,,,,,,
ANTIOCH.C,19850831,800,0.00,,92,59,72,,,,,,,,,,,,,
ANTIOCH.C,19850901,800,0.00,,89,70,78,,,,,,,,,,,,,
ANTIOCH.C,19850902,800,0.00,,80,63,70,,,,,,,,,,,,,
ANTIOCH.C,19850903,800,0.00,,88,56,71,,,,,,,,,,,,,
ANTIOCH.C,19850904,800,0.00,,83,57,67,,,,,,,,,,,,,
ANTIOCH.C,19850905,800,0.00,,87,57,66,,,,,,,,,,,,,
ANTIOCH.C,19850906,800,0.00,,82,58,67,,,,,,,,,,,,,
ANTIOCH.C,19850907,800,0.00,,74,58,67,,,,,,,,,,,,,
ANTIOCH.C,19850908,800,0.00,,72,57,59,,,,,,,,,,,,,
ANTIOCH.C,19850909,800,0.16,,73,51,59,,,,,,,,,,,,,
ANTIOCH.C,19850910,800,0.00,,73,49,60,,,,,,,,,,,,,
ANTIOCH.C,19850911,800,0.00,,76,49,64,,,,,,,,,,,,,
ANTIOCH.C,19850912,800,0.00,,80,50,64,,,,,,,,,,,,,
ANTIOCH.C,19850913,800,0.00,,85,52,67,,,,,,,,,,,,,
ANTIOCH.C,19850914,800,0.00,,85,56,64,,,,,,,,,,,,,
ANTIOCH.C,19850915,800,0.00,,85,54,,,,,,,,,,,,,,
ANTIOCH.C,19850916,800,0.00,,83,52,69,,,,,,,,,,,,,
ANTIOCH.C,19850917,800,0.00,,78,51,66,,,,,,,,,,,,,
ANTIOCH.C,19850918,800,0.00,,81,53,62,,,,,,,,,,,,,
ANTIOCH.C,19850919,800,0.00,,85,50,67,,,,,,,,,,,,,
ANTIOCH.C,19850920,800,0.00,,86,52,66,,,,,,,,,,,,,
ANTIOCH.C,19850921,800,0.00,,90,52,64,,,,,,,,,,,,,
ANTIOCH.C,19850922,800,0.00,,92,57,70,,,,,,,,,,,,,
ANTIOCH.C,19850923,800,0.00,,92,56,71,,,,,,,,,,,,,
ANTIOCH.C,19850924,800,0.00,,96,58,70,,,,,,,,,,,,,
ANTIOCH.C,19850925,800,0.00,,92,55,72,,,,,,,,,,,,,
ANTIOCH.C,19850926,800,0.00,,81,60,72,,,,,,,,,,,,,
ANTIOCH.C,19850927,800,0.00,,75,60,69,,,,,,,,,,,,,
ANTIOCH.C,19850928,800,0.00,,79,53,61,,,,,,,,,,,,,
ANTIOCH.C,19850929,800,0.00,,72,52,59,,,,,,,,,,,,,
ANTIOCH.C,19850930,800,0.00,,72,48,63,,,,,,,,,,,,,
ANTIOCH.C,19851001,800,0.00,,83,48,62,,,,,,,,,,,,,
ANTIOCH.C,19851002,800,0.00,,89,53,65,,,,,,,,,,,,,
ANTIOCH.C,19851003,800,0.00,,92,64,69,,,,,,,,,,,,,
ANTIOCH.C,19851004,800,0.00,,96,68,76,,,,,,,,,,,,,
ANTIOCH.C,19851005,800,0.00,,91,63,66,,,,,,,,,,,,,
ANTIOCH.C,19851006,800,0.00,,87,61,63,,,,,,,,,,,,,
ANTIOCH.C,19851007,800,0.00,,87,64,65,,,,,,,,,,,,,
ANTIOCH.C,19851008,800,0.00,,72,51,62,,,,,,,,,,,,,
ANTIOCH.C,19851009,800,0.00,,71,51,54,,,,,,,,,,,,,
ANTIOCH.C,19851010,800,0.00,,78,51,63,,,,,,,,,,,,,
ANTIOCH.C,19851011,800,0.00,,78,43,60,,,,,,,,,,,,,
ANTIOCH.C,19851012,800,0.00,,79,49,57,,,,,,,,,,,,,
ANTIOCH.C,19851013,800,0.00,,78,49,63,,,,,,,,,,,,,
ANTIOCH.C,19851014,800,0.00,,82,44,64,,,,,,,,,,,,,
ANTIOCH.C,19851015,800,0.00,,81,42,60,,,,,,,,,,,,,
ANTIOCH.C,19851016,800,0.00,,80,42,58,,,,,,,,,,,,,
ANTIOCH.C,19851017,800,0.00,,78,46,64,,,,,,,,,,,,,
ANTIOCH.C,19851018,800,0.00,,74,44,60,,,,,,,,,,,,,
ANTIOCH.C,19851019,800,0.00,,68,46,55,,,,,,,,,,,,,
ANTIOCH.C,19851020,800,0.00,,68,46,52,,,,,,,,,,,,,
ANTIOCH.C,19851021,800,0.36,,55,48,54,,,,,,,,,,,,,
ANTIOCH.C,19851022,800,0.18,,67,46,54,,,,,,,,,,,,,
ANTIOCH.C,19851023,800,0.00,,73,54,62,,,,,,,,,,,,,
ANTIOCH.C,19851024,800,0.00,,76,53,60,,,,,,,,,,,,,
ANTIOCH.C,19851025,800,0.00,,76,50,61,,,,,,,,,,,,,
ANTIOCH.C,19851026,800,0.00,,77,50,60,,,,,,,,,,,,,
ANTIOCH.C,19851027,800,0.00,,77,49,62,,,,,,,,,,,,,
ANTIOCH.C,19851028,800,0.00,,73,49,67,,,,,,,,,,,,,
ANTIOCH.C,19851029,800,0.00,,67,43,61,,,,,,,,,,,,,
ANTIOCH.C,19851030,800,0.00,,67,43,60,,,,,,,,,,,,,
ANTIOCH.C,19851031,800,0.00,,73,47,63,,,,,,,,,,,,,
ANTIOCH.C,19851101,800,0.00,,82,49,64,,,,,,,,,,,,,
ANTIOCH.C,19851102,800,0.00,,77,48,61,,,,,,,,,,,,,
ANTIOCH.C,19851103,800,0.00,,76,47,62,,,,,,,,,,,,,
ANTIOCH.C,19851104,800,0.00,,75,43,64,,,,,,,,,,,,,
ANTIOCH.C,19851105,800,0.00,,76,47,65,,,,,,,,,,,,,
ANTIOCH.C,19851106,800,0.00,,76,48,64,,,,,,,,,,,,,
ANTIOCH.C,19851107,800,0.00,,78,47,63,,,,,,,,,,,,,
ANTIOCH.C,19851108,800,0.00,,70,43,64,,,,,,,,,,,,,
ANTIOCH.C,19851109,800,0.00,,62,38,49,,,,,,,,,,,,,
ANTIOCH.C,19851110,800,0.03,,62,46,50,,,,,,,,,,,,,
ANTIOCH.C,19851111,800,0.28,,50,38,42,,,,,,,,,,,,,
ANTIOCH.C,19851112,800,0.02,,53,38,46,,,,,,,,,,,,,
ANTIOCH.C,19851113,800,0.00,,53,28,38,,,,,,,,,,,,,
ANTIOCH.C,19851114,800,0.00,,56,30,37,,,,,,,,,,,,,
ANTIOCH.C,19851115,800,0.00,,54,33,43,,,,,,,,,,,,,
ANTIOCH.C,19851116,800,0.01,,54,43,47,,,,,,,,,,,,,
ANTIOCH.C,19851117,800,0.00,,60,43,49,,,,,,,,,,,,,
ANTIOCH.C,19851118,800,0.00,,58,38,47,,,,,,,,,,,,,
ANTIOCH.C,19851119,800,0.00,,54,30,42,,,,,,,,,,,,,
ANTIOCH.C,19851120,800,0.00,,51,40,43,,,,,,,,,,,,,
ANTIOCH.C,19851121,800,0.00,,53,38,41,,,,,,,,,,,,,
ANTIOCH.C,19851122,800,0.00,,56,33,45,,,,,,,,,,,,,
ANTIOCH.C,19851123,800,0.00,,56,44,46,,,,,,,,,,,,,
ANTIOCH.C,19851124,800,1.03,,56,44,45,,,,,,,,,,,,,
ANTIOCH.C,19851125,800,0.16,,56,44,49,,,,,,,,,,,,,
ANTIOCH.C,19851126,800,0.00,,57,37,48,,,,,,,,,,,,,
ANTIOCH.C,19851127,800,0.00,,55,43,50,,,,,,,,,,,,,
ANTIOCH.C,19851128,800,0.34,,60,48,,,,,,,,,,,,,,
ANTIOCH.C,19851129,800,0.36,,58,47,53,,,,,,,,,,,,,
ANTIOCH.C,19851130,800,0.00,,54,38,44,,,,,,,,,,,,,
ANTIOCH.C,19851201,800,0.00,,54,43,45,,,,,,,,,,,,,
ANTIOCH.C,19851202,800,0.53,,64,43,51,,,,,,,,,,,,,
ANTIOCH.C,19851203,800,0.21,,61,50,54,,,,,,,,,,,,,
ANTIOCH.C,19851204,800,0.00,,57,45,51,,,,,,,,,,,,,
ANTIOCH.C,19851205,800,0.11,,63,47,55,,,,,,,,,,,,,
ANTIOCH.C,19851206,800,0.00,,63,41,47,,,,,,,,,,,,,
ANTIOCH.C,19851207,800,0.25,,62,46,51,,,,,,,,,,,,,
ANTIOCH.C,19851208,800,0.01,,57,43,50,,,,,,,,,,,,,
ANTIOCH.C,19851209,800,0.00,,58,42,49,,,,,,,,,,,,,
ANTIOCH.C,19851210,800,0.00,,52,32,38,,,,,,,,,,,,,
ANTIOCH.C,19851211,800,0.00,,53,36,43,,,,,,,,,,,,,
ANTIOCH.C,19851212,800,0.00,,44,25,32,,,,,,,,,,,,,
ANTIOCH.C,19851213,800,0.00,,48,24,33,,,,,,,,,,,,,
ANTIOCH.C,19851214,800,0.00,,50,25,30,,,,,,,,,,,,,
ANTIOCH.C,19851215,800,0.00,,43,26,32,,,,,,,,,,,,,
ANTIOCH.C,19851216,800,0.00,,39,28,34,,,,,,,,,,,,,
ANTIOCH.C,19851217,800,0.00,,44,30,34,,,,,,,,,,,,,
ANTIOCH.C,19851218,800,0.00,,45,30,35,,,,,,,,,,,,,
ANTIOCH.C,19851219,800,0.00,,38,31,35,,,,,,,,,,,,,
ANTIOCH.C,19851220,800,0.00,,40,30,34,,,,,,,,,,,,,
ANTIOCH.C,19851221,800,0.00,,38,31,35,,,,,,,,,,,,,
ANTIOCH.C,19851222,800,0.00,,39,31,35,,,,,,,,,,,,,
ANTIOCH.C,19851223,800,0.00,,38,32,34,,,,,,,,,,,,,
ANTIOCH.C,19851224,800,0.00,,38,31,32,,,,,,,,,,,,,
ANTIOCH.C,19851225,800,0.00,,38,31,33,,,,,,,,,,,,,
ANTIOCH.C,19851226,800,0.00,,38,30,31,,,,,,,,,,,,,
ANTIOCH.C,19851227,800,0.00,,37,31,33,,,,,,,,,,,,,
ANTIOCH.C,19851228,800,0.00,,40,32,33,,,,,,,,,,,,,
ANTIOCH.C,19851229,800,0.01,,48,32,38,,,,,,,,,,,,,
ANTIOCH.C,19851230,800,0.90,,54,38,47,,,,,,,,,,,,,
ANTIOCH.C,19851231,800,0.00,,57,47,48,,,,,,,,,,,,,
ANTIOCH.C,19860101,800,0.00,,60,43,49,,,,,,,,,,,,,